"label","genus","family","Species.new","Endemic","order","parent","node","branch.length"
"Acrocarpus_fraxinifolius","Acrocarpus","Fabaceae","Acrocarpus fraxinifolius","0","Fabales",568,129,58.102916
"Acronychia_pedunculata","Acronychia","Rutaceae","Acronychia pedunculata","0","Sapindales",681,279,47.177861
"Actephila_excelsa","Actephila","Phyllanthaceae","Actephila excelsa","0","Malpighiales",622,190,50.206188
"Actinodaphne_bourdillonii","Actinodaphne","Lauraceae","Actinodaphne bourdillonii","1","Laurales",783,459,6.436152
"Actinodaphne_campanulata","Actinodaphne","Lauraceae","Actinodaphne campanulata","1","Laurales",783,458,6.436152
"Actinodaphne_hookeri","Actinodaphne","Lauraceae","Actinodaphne hookeri","1","Laurales",783,457,6.436152
"Actinodaphne_wightiana","Actinodaphne","Lauraceae","Actinodaphne wightiana","1","Laurales",783,456,6.436152
"Actinodaphne_salicina","Actinodaphne","Lauraceae","Actinodaphne salicina","1","Laurales",783,455,6.436152
"Actinodaphne_tadulingamii","Actinodaphne","Lauraceae","Actinodaphne tadulingamii","1","Laurales",783,454,6.436152
"Beddomea_indica","Beddomea","Meliaceae","Beddomea indica","1","Sapindales",692,289,50.633932
"Aglaia_bourdillonii","Aglaia","Meliaceae","Aglaia bourdillonii","1","Sapindales",698,297,19.223341
"Aglaia_canarana","Aglaia","Meliaceae","Aglaia canarana","0","Sapindales",698,290,19.22334
"Aglaia_elaeagnoidea","Aglaia","Meliaceae","Aglaia elaeagnoidea","0","Sapindales",703,293,5.843047
"Aglaia_edulis","Aglaia","Meliaceae","Aglaia edulis","0","Sapindales",703,292,5.843047
"Aglaia_lawii","Aglaia","Meliaceae","Aglaia lawii","0","Sapindales",699,296,14.86692
"Aglaia_perviridis","Aglaia","Meliaceae","Aglaia perviridis","0","Sapindales",700,295,12.831387
"Aglaia_simplicifolia","Aglaia","Meliaceae","Aglaia simplicifolia","0","Sapindales",702,294,10.304542
"Aglaia_tomentosa","Aglaia","Meliaceae","Aglaia tomentosa","0","Sapindales",701,291,11.051155
"Agrostistachys_borneensis","Agrostistachys","Euphorbiaceae","Agrostistachys borneensis","0","Malpighiales",652,238,15.587025
"Agrostistachys_indica","Agrostistachys","Euphorbiaceae","Agrostistachys indica","0","Malpighiales",652,239,15.587025
"Aidia_densiflora","Aidia","Rubiaceae","Aidia densiflora","0","Gentianales",517,49,6.625736
"Alseodaphne_semecarpifolia","Alseodaphne","Lauraceae","Alseodaphne semecarpifolia","0","Laurales",785,460,23.318156
"Alstonia_scholaris","Alstonia","Apocynaceae","Alstonia scholaris","0","Gentianales",530,71,26.272643
"Anacolosa_densiflora","Anacolosa","Olacaceae","Anacolosa densiflora","1","Santalales",559,124,96.574565
"Alphonsea_lutea","Alphonsea","Annonaceae","Alphonsea lutea","0","Magnoliales",766,412,36.084018
"Antiaris_toxicaria","Antiaris","Moraceae","Antiaris toxicaria","0","Rosales",579,148,30.560509
"Antidesma_montanum","Antidesma","Phyllanthaceae","Antidesma montanum","0","Malpighiales",626,193,5.903502
"Antidesma_alexiteria","Antidesma","Phyllanthaceae","Antidesma alexiteria","1","Malpighiales",626,194,5.903502
"Aphanamixis_polystachya","Aphanamixis","Meliaceae","Aphanamixis polystachya","0","Sapindales",697,298,19.24744
"Aphananthe_cuspidata","Aphananthe","Cannabaceae","Aphananthe cuspidata","0","Rosales",590,158,71.185296
"Apodytes_dimidiata","Apodytes","Metteniusaceae","Apodytes dimidiata","0","Metteniusales",491,73,101.546516
"Aporosa_acuminata","Aporosa","Phyllanthaceae","Aporosa acuminata","1","Malpighiales",628,197,7.286478
"Aporosa_bourdillonii","Aporosa","Phyllanthaceae","Aporosa bourdillonii","1","Malpighiales",628,196,7.286478
"Aporosa_cardiosperma","Aporosa","Phyllanthaceae","Aporosa cardiosperma","0","Malpighiales",628,195,7.286478
"Archidendron_bigeminum","Archidendron","Fabaceae","Archidendron bigeminum","0","Fabales",568,128,58.102915
"Ardisia_pauciflora","Ardisia","Primulaceae","Ardisia pauciflora","1","Ericales",542,85,10.217012
"Ardisia_rhomboidea","Ardisia","Primulaceae","Ardisia rhomboidea","1","Ericales",542,84,10.217012
"Ardisia_solanacea","Ardisia","Primulaceae","Ardisia solanacea","0","Ericales",542,86,10.217013
"Ardisia_stonei","Ardisia","Primulaceae","Ardisia stonei","1","Ericales",542,83,10.217012
"Artocarpus_gomezianus","Artocarpus","Moraceae","Artocarpus gomezianus","0","Rosales",586,149,5.550401
"Artocarpus_heterophyllus","Artocarpus","Moraceae","Artocarpus heterophyllus","0","Rosales",586,151,5.550402
"Artocarpus_hirsutus","Artocarpus","Moraceae","Artocarpus hirsutus","1","Rosales",586,150,5.550402
"Atalantia_racemosa","Atalantia","Rutaceae","Atalantia racemosa","0","Sapindales",686,281,16.224955
"Atalantia_wightii","Atalantia","Rutaceae","Atalantia wightii","1","Sapindales",686,280,16.224955
"Atuna_indica","Atuna","Chrysobalanaceae","Atuna indica","1","Malpighiales",633,205,6.6148805
"Atuna_travancorica","Atuna","Chrysobalanaceae","Atuna travancorica","1","Malpighiales",633,204,6.6148795
"Baccaurea_courtallensis","Baccaurea","Phyllanthaceae","Baccaurea courtallensis","1","Malpighiales",627,198,7.296624
"Beilschmiedia_dalzellii","Beilschmiedia","Lauraceae","Beilschmiedia dalzellii","0","Laurales",787,465,8.590478
"Beilschmiedia_wightii","Beilschmiedia","Lauraceae","Beilschmiedia wightii","1","Laurales",787,464,8.590478
"Bhesa_indica","Bhesa","Centroplacaceae","Bhesa indica","0","Malpighiales",598,183,94.892947
"Bischofia_javanica","Bischofia","Phyllanthaceae","Bischofia javanica","0","Malpighiales",624,199,46.561395
"Blachia_calycina","Blachia","Euphorbiaceae","Blachia calycina","1","Malpighiales",642,225,3.648624001
"Blachia_denudata","Blachia","Euphorbiaceae","Blachia denudata","1","Malpighiales",642,224,3.648623002
"Blachia_umbellata","Blachia","Euphorbiaceae","Blachia umbellata","0","Malpighiales",642,223,3.648623002
"Blepharistemma_serratum","Blepharistemma","Rhizophoraceae","Blepharistemma serratum","1","Malpighiales",630,200,59.265813
"Boehmeria_depauperata","Boehmeria","Urticaceae","Boehmeria depauperata","0","Rosales",589,153,20.688824
"Bombax_ceiba","Bombax","Malvaceae","Bombax ceiba","0","Malvales",669,257,25.543721
"Callicarpa_tomentosa","Callicarpa","Lamiaceae","Callicarpa tomentosa","0","Lamiales",497,13,30.282212
"Calophyllum_apetalum","Calophyllum","Calophyllaceae","Calophyllum apetalum","1","Malpighiales",608,169,6.20569
"Calophyllum_austroindicum","Calophyllum","Calophyllaceae","Calophyllum austroindicum","1","Malpighiales",608,168,6.20569
"Calophyllum_tomentosum","Calophyllum","Calophyllaceae","Calophyllum tomentosum","0","Malpighiales",608,167,6.20569
"Canarium_strictum","Canarium","Burseraceae","Canarium strictum","0","Sapindales",714,317,51.559174
"Psydrax_dicoccos","Psydrax","Rubiaceae","Psydrax dicoccos","0","Gentianales",526,57,2.19659
"Capparis_baducca","Capparis","Capparaceae","Capparis baducca","1","Brassicales",664,255,92.953136
"Carallia_brachiata","Carallia","Rhizophoraceae","Carallia brachiata","0","Malpighiales",630,201,59.265814
"Caryota_urens","Caryota","Arecaceae","Caryota urens","0","Arecales",748,393,17.9193623
"Casearia_ovata","Casearia","Salicaceae","Casearia ovata","0","Malpighiales",614,178,12.629179
"Casearia_rubescens","Casearia","Salicaceae","Casearia rubescens","0","Malpighiales",614,177,12.629179
"Casearia_wynadensis","Casearia","Salicaceae","Casearia wynadensis","1","Malpighiales",614,176,12.629179
"Cassine_paniculata","Cassine","Celastraceae","Cassine paniculata","0","Celastrales",656,246,21.824271
"Celtis_philippensis","Celtis","Cannabaceae","Celtis philippensis","0","Rosales",591,157,67.127177
"Chassalia_curviflora","Chassalia","Rubiaceae","Chassalia curviflora","0","Gentianales",509,36,15.05724
"Chionanthus_courtallensis","Chionanthus","Oleaceae","Chionanthus courtallensis","1","Lamiales",501,20,11.824713
"Chionanthus_ramiflorus","Chionanthus","Oleaceae","Chionanthus ramiflorus","0","Lamiales",502,22,7.143604
"Chionanthus_linocieroides","Chionanthus","Oleaceae","Chionanthus mala-elengi subsp. linocieroides","1","Lamiales",501,19,11.824713
"Chionanthus_mala-elengi","Chionanthus","Oleaceae","Chionanthus mala-elengi subsp. mala-elengi","1","Lamiales",501,18,11.824713
"Chrysophyllum_roxburghii","Chrysophyllum","Sapotaceae","Chrysophyllum roxburghii","0","Ericales",551,111,11.550083
"Chukrasia_tabularis","Chukrasia","Meliaceae","Chukrasia tabularis","0","Sapindales",706,307,32.616864
"Cinnamomum_filipedicellatum","Cinnamomum","Lauraceae","Cinnamomum filipedicellatum","1","Laurales",777,432,8.762164
"Cinnamomum_malabatrum","Cinnamomum","Lauraceae","Cinnamomum malabatrum","1","Laurales",777,431,8.762164
"Clausena_indica","Clausena","Rutaceae","Clausena indica","1","Sapindales",689,285,16.876309
"Cleidion_javanicum","Cleidion","Euphorbiaceae","Cleidion javanicum","0","Malpighiales",645,237,28.708664
"Cleistanthus_travancorensis","Cleistanthus","Phyllanthaceae","Cleistanthus travancorensis","1","Malpighiales",623,192,20.778811
"Clerodendrum_infortunatum","Clerodendrum","Lamiaceae","Clerodendrum infortunatum","0","Lamiales",497,12,30.282213
"Croton_gibsonianus","Croton","Euphorbiaceae","Croton gibsonianus","1","Malpighiales",641,220,11.469761
"Croton_laccifer","Croton","Euphorbiaceae","Croton laccifer","0","Malpighiales",641,219,11.469761
"Croton_malabaricus","Croton","Euphorbiaceae","Croton malabaricus","1","Malpighiales",641,218,11.469761
"Croton_zeylanicus","Croton","Euphorbiaceae","Croton zeylanicus","1","Malpighiales",641,217,11.469761
"Cryptocarya_anamalayana","Cryptocarya","Lauraceae","Cryptocarya anamalayana","1","Laurales",788,470,13.382373
"Cryptocarya_lawsonii","Cryptocarya","Lauraceae","Cryptocarya lawsonii","1","Laurales",788,469,13.382373
"Cryptocarya_wightiana","Cryptocarya","Lauraceae","Cryptocarya wightiana","0","Laurales",788,468,13.382373
"Chrysophyllum_flexuosum","Chrysophyllum","Sapotaceae","Chrysophyllum flexuosum","0","Ericales",551,110,11.550082
"Durio_exarillatus","Durio","Malvaceae","Durio exarillatus","1","Malvales",668,263,33.310586
"Cyathocalyx_zeylanicus","Cyathocalyx","Annonaceae","Cyathocalyx zeylanicus","1","Magnoliales",752,421,56.317709
"Cynometra_travancorica","Cynometra","Fabaceae","Cynometra travancorica","1","Fabales",572,131,5.271251
"Daphniphyllum_neilgherrense","Daphniphyllum","Daphniphyllaceae","Daphniphyllum neilgherrense","1","Saxifragales",560,384,122.405091
"Dendrocnide_sinuata","Dendrocnide","Urticaceae","Dendrocnide sinuata","0","Rosales",587,152,46.699105
"Dichapetalum_gelonioides","Dichapetalum","Dichapetalaceae","Dichapetalum gelonioides","0","Malpighiales",632,206,68.407957
"Dillenia_bracteata","Dillenia","Dilleniaceae","Dillenia bracteata","1","Dilleniales",477,126,122.581027
"Dimocarpus_longan","Dimocarpus","Sapindaceae","Dimocarpus longan","0","Sapindales",710,313,27.510072
"Dimorphocalyx_beddomei","Dimorphocalyx","Euphorbiaceae","Dimorphocalyx beddomei","1","Malpighiales",637,214,30.948253
"Dimorphocalyx_glabellus","Dimorphocalyx","Euphorbiaceae","Dimorphocalyx glabellus","1","Malpighiales",637,215,30.948253
"Diospyros_vera","Diospyros","Ebenaceae","Diospyros vera","1","Ericales",543,109,10.085081
"Diospyros_ebenum","Diospyros","Ebenaceae","Diospyros ebenum","0","Ericales",546,104,8.239702
"Diospyros_barberi","Diospyros","Ebenaceae","Diospyros barberi","0","Ericales",543,103,10.08508
"Diospyros_bourdillonii","Diospyros","Ebenaceae","Diospyros bourdillonii","1","Ericales",543,102,10.08508
"Diospyros_buxifolia","Diospyros","Ebenaceae","Diospyros buxifolia","0","Ericales",544,108,9.490026
"Diospyros_candolleana","Diospyros","Ebenaceae","Diospyros candolleana","1","Ericales",543,101,10.08508
"Diospyros_crumenata","Diospyros","Ebenaceae","Diospyros crumenata","0","Ericales",543,100,10.08508
"Diospyros_ghatensis","Diospyros","Ebenaceae","Diospyros ghatensis","1","Ericales",543,99,10.08508
"Diospyros_montana","Diospyros","Ebenaceae","Diospyros montana","1","Ericales",547,107,5.771662
"Diospyros_kedam","Diospyros","Ebenaceae","Diospyros kedam","1","Ericales",543,98,10.08508
"Diospyros_neilgerrensis","Diospyros","Ebenaceae","Diospyros neilgerrensis","0","Ericales",543,97,10.08508
"Diospyros_oocarpa","Diospyros","Ebenaceae","Diospyros oocarpa","1","Ericales",543,96,10.08508
"Diospyros_paniculata","Diospyros","Ebenaceae","Diospyros paniculata","1","Ericales",543,95,10.08508
"Diospyros_pruriens","Diospyros","Ebenaceae","Diospyros pruriens","0","Ericales",543,94,10.08508
"Diospyros_saldanhae","Diospyros","Ebenaceae","Diospyros saldanhae","1","Ericales",543,93,10.08508
"Diospyros_sylvatica","Diospyros","Ebenaceae","Diospyros sylvatica","1","Ericales",543,92,10.08508
"Dipterocarpus_bourdillonii","Dipterocarpus","Dipterocarpaceae","Dipterocarpus bourdillonii","1","Malvales",676,274,5.899308
"Dipterocarpus_indicus","Dipterocarpus","Dipterocarpaceae","Dipterocarpus indicus","1","Malvales",676,273,5.899308
"Drypetes_venusta","Drypetes","Putranjivaceae","Drypetes venusta","1","Malpighiales",634,212,13.128996
"Drypetes_gardneri","Drypetes","Putranjivaceae","Drypetes gardneri","1","Malpighiales",634,211,13.128996
"Drypetes_malabarica","Drypetes","Putranjivaceae","Drypetes malabarica","1","Malpighiales",634,210,13.128996
"Drypetes_oblongifolia","Drypetes","Putranjivaceae","Drypetes oblongifolia","1","Malpighiales",634,209,13.128996
"Drypetes_confertiflora","Drypetes","Putranjivaceae","Drypetes confertiflora","1","Malpighiales",634,208,13.128996
"Drypetes_wightii","Drypetes","Putranjivaceae","Drypetes wightii","1","Malpighiales",634,207,13.128996
"Dysoxylum_gotadhora","Dysoxylum","Meliaceae","Dysoxylum gotadhora","0","Sapindales",704,302,21.677609
"Dysoxylum_malabaricum","Dysoxylum","Meliaceae","Dysoxylum malabaricum","1","Sapindales",704,301,21.677609
"Ehretia_canarensis","Ehretia","Boraginaceae","Ehretia canarensis","0","Boraginales",493,24,88.247776
"Elaeocarpus_variabilis","Elaeocarpus","Elaeocarpaceae","Elaeocarpus variabilis","1","Oxalidales",653,244,16.41755
"Elaeocarpus_munroii","Elaeocarpus","Elaeocarpaceae","Elaeocarpus munroii","1","Oxalidales",653,243,16.41755
"Elaeocarpus_serratus","Elaeocarpus","Elaeocarpaceae","Elaeocarpus serratus","1","Oxalidales",653,245,16.417551
"Elaeocarpus_tuberculatus","Elaeocarpus","Elaeocarpaceae","Elaeocarpus tuberculatus","0","Oxalidales",653,242,16.41755
"Epiprinus_mallotiformis","Epiprinus","Euphorbiaceae","Epiprinus mallotiformis","1","Malpighiales",644,226,33.290998
"Erythroxylum_moonii","Erythroxylum","Erythroxylaceae","Erythroxylum moonii","1","Malpighiales",631,203,17.307109
"Syzygium_hemisphericum","Syzygium","Myrtaceae","Syzygium hemisphericum","1","Myrtales",735,376,23.028267
"Eugenia_codyensis","Eugenia","Myrtaceae","Eugenia codyensis","1","Myrtales",731,355,22.874727
"Eugenia_aloysii","Eugenia","Myrtaceae","Eugenia aloysii","1","Myrtales",731,354,22.874727
"Eugenia_macrocalyx","Eugenia","Myrtaceae","Eugenia macrocalyx","1","Myrtales",731,356,22.874728
"Eugenia_mooniana","Eugenia","Myrtaceae","Eugenia mooniana","0","Myrtales",731,353,22.874727
"Melicope_lunu-ankenda","Melicope","Rutaceae","Melicope lunu-ankenda","0","Sapindales",682,276,46.655003
"Euonymus_angulatus","Euonymus","Celastraceae","Euonymus angulatus","1","Celastrales",659,250,17.958653
"Euonymus_dichotomus","Euonymus","Celastraceae","Euonymus dichotomus","1","Celastrales",659,249,17.958653
"Euonymus_indicus","Euonymus","Celastraceae","Euonymus indicus","1","Celastrales",659,248,17.958653
"Eurya_nitida","Eurya","Pentaphylacaceae","Eurya nitida","0","Ericales",533,121,99.706037
"Excoecaria_oppositifolia","Excoecaria","Euphorbiaceae","Excoecaria oppositifolia","1","Malpighiales",638,216,51.870853
"Ficus_beddomei","Ficus","Moraceae","Ficus beddomei","1","Rosales",580,141,11.922425
"Ficus_callosa","Ficus","Moraceae","Ficus callosa","0","Rosales",580,140,11.922425
"Ficus_nervosa","Ficus","Moraceae","Ficus nervosa","0","Rosales",585,146,8.951113
"Ficus_tsjakela","Ficus","Moraceae","Ficus tsjakela","0","Rosales",584,143,5.009611
"Flacourtia_montana","Flacourtia","Salicaceae","Flacourtia montana","1","Malpighiales",613,173,35.250304
"Garcinia_gummi-gutta","Garcinia","Clusiaceae","Garcinia gummi-gutta","1","Malpighiales",604,162,1.742151
"Garcinia_indica","Garcinia","Clusiaceae","Garcinia indica","1","Malpighiales",604,163,1.742151
"Garcinia_morella","Garcinia","Clusiaceae","Garcinia morella","0","Malpighiales",603,164,10.05121
"Garcinia_rubroechinata","Garcinia","Clusiaceae","Garcinia rubroechinata","1","Malpighiales",602,161,17.280092
"Garcinia_talbotii","Garcinia","Clusiaceae","Garcinia talbotii","1","Malpighiales",605,165,2.009343
"Glochidion_ellipticum","Glochidion","Phyllanthaceae","Glochidion ellipticum","0","Malpighiales",621,188,2.616839
"Glochidion_UM","Glochidion","Phyllanthaceae","Glochidion UM","1","Malpighiales",621,187,2.616839
"Gluta_travancorica","Gluta","Anacardiaceae","Gluta travancorica","1","Sapindales",719,329,13.002443
"Glycosmis_macrocarpa","Glycosmis","Rutaceae","Glycosmis macrocarpa","1","Sapindales",688,282,15.07874
"Glycosmis_pentaphylla","Glycosmis","Rutaceae","Glycosmis pentaphylla","0","Sapindales",688,283,15.078741
"Glyptopetalum_grandiflorum","Glyptopetalum","Celastraceae","Glyptopetalum grandiflorum","1","Celastrales",658,251,18.00472
"Gomphandra_coriacea","Gomphandra","Stemonuraceae","Gomphandra coriacea","1","Aquifoliales",489,10,12.790192
"Gomphandra_tetrandra","Gomphandra","Stemonuraceae","Gomphandra tetrandra","0","Aquifoliales",489,11,12.790193
"Goniothalamus_cardiopetalus","Goniothalamus","Annonaceae","Goniothalamus cardiopetalus","1","Magnoliales",757,400,4.18197
"Goniothalamus_rhynchantherus","Goniothalamus","Annonaceae","Goniothalamus rhynchantherus","1","Magnoliales",755,397,8.554977
"Goniothalamus_thwaitesii","Goniothalamus","Annonaceae","Goniothalamus thwaitesii","0","Magnoliales",756,398,7.439158
"Goniothalamus_wightii","Goniothalamus","Annonaceae","Goniothalamus wightii","1","Magnoliales",755,396,8.554977
"Goniothalamus_wynaadensis","Goniothalamus","Annonaceae","Goniothalamus wynaadensis","1","Magnoliales",757,399,4.18197
"Gordonia_obtusa","Gordonia","Theaceae","Gordonia obtusa","1","Ericales",548,120,61.911798
"Gymnacranthera_canarica","Gymnacranthera","Myristicaceae","Gymnacranthera canarica","1","Magnoliales",771,424,27.241239
"Harpullia_arborea","Harpullia","Sapindaceae","Harpullia arborea","0","Sapindales",713,314,8.505634
"Helicia_nilagirica","Helicia","Proteaceae","Helicia nilagirica","0","Proteales",742,386,112.877117
"Heritiera_papilio","Heritiera","Malvaceae","Heritiera papilio","1","Malvales",672,261,15.131178
"Holigarna_arnottiana","Holigarna","Anacardiaceae","Holigarna arnottiana","1","Sapindales",717,326,21.917318
"Holigarna_beddomei","Holigarna","Anacardiaceae","Holigarna beddomei","1","Sapindales",717,327,21.917318
"Holigarna_ferruginea","Holigarna","Anacardiaceae","Holigarna ferruginea","1","Sapindales",717,325,21.917318
"Holigarna_grahamii","Holigarna","Anacardiaceae","Holigarna grahamii","1","Sapindales",717,324,21.917318
"Holigarna_nigra","Holigarna","Anacardiaceae","Holigarna nigra","1","Sapindales",717,323,21.917318
"Homalium_ceylanicum","Homalium","Salicaceae","Homalium ceylanicum","1","Malpighiales",612,175,36.018392
"Hopea_canarensis","Hopea","Dipterocarpaceae","Hopea canarensis","1","Malvales",674,271,6.603098
"Hopea_glabra","Hopea","Dipterocarpaceae","Hopea glabra","1","Malvales",674,270,6.603098
"Hopea_parviflora","Hopea","Dipterocarpaceae","Hopea parviflora","1","Malvales",674,269,6.603098
"Hopea_ponga","Hopea","Dipterocarpaceae","Hopea ponga","1","Malvales",674,268,6.603098
"Hopea_racophloea","Hopea","Dipterocarpaceae","Hopea racophloea","1","Malvales",674,267,6.603098
"Humboldtia_brunonis","Humboldtia","Fabaceae","Humboldtia brunonis","1","Fabales",573,134,13.229654
"Humboldtia_decurrens","Humboldtia","Fabaceae","Humboldtia decurrens","1","Fabales",573,132,13.229653
"Hunteria_zeylanica","Hunteria","Apocynaceae","Hunteria zeylanica","0","Gentianales",531,70,25.442097
"Hydnocarpus_alpina","Hydnocarpus","Flacourtiaceae","Hydnocarpus alpina","1","Malpighiales",615,181,9.705135
"Hydnocarpus_pentandrus","Hydnocarpus","Flacourtiaceae","Hydnocarpus pentandrus","1","Malpighiales",615,180,9.705135
"Isonandra_lanceolata","Isonandra","Sapotaceae","Isonandra lanceolata","0","Ericales",556,117,7.188714
"Ixora_anamalayana","Ixora","Rubiaceae","Ixora anamalayana","1","Gentianales",527,64,4.874623
"Ixora_brachiata","Ixora","Rubiaceae","Ixora brachiata","1","Gentianales",527,63,4.874623
"Ixora_elongata","Ixora","Rubiaceae","Ixora elongata","1","Gentianales",527,62,4.874623
"Ixora_nigricans","Ixora","Rubiaceae","Ixora nigricans","0","Gentianales",527,65,4.874624
"Ixora_UM","Ixora","Rubiaceae","Ixora UM","1","Gentianales",527,61,4.874623
"Kingiodendron_pinnatum","Kingiodendron","Fabaceae","Kingiodendron pinnatum","1","Fabales",570,135,40.201708
"Knema_attenuata","Knema","Myristicaceae","Knema attenuata","1","Magnoliales",772,427,19.685835
"Lagerstroemia_microcarpa","Lagerstroemia","Lythraceae","Lagerstroemia microcarpa","1","Myrtales",724,378,93.319517
"Lasianthus_acuminatus","Lasianthus","Rubiaceae","Lasianthus acuminatus","1","Gentianales",512,44,6.983469
"Lasianthus_oblongifolius","Lasianthus","Rubiaceae","Lasianthus oblongifolius","1","Gentianales",512,43,6.983469
"Lasianthus_parvifolius","Lasianthus","Rubiaceae","Lasianthus parvifolius","1","Gentianales",512,42,6.983469
"Lasianthus_jackianus","Lasianthus","Rubiaceae","Lasianthus jackianus","1","Gentianales",512,41,6.983469
"Lasianthus_rostratus","Lasianthus","Rubiaceae","Lasianthus rostratus","1","Gentianales",512,40,6.983469
"Leea_indica","Leea","Vitaceae","Leea indica","0","Vitales",561,383,121.287254
"Lepisanthes_tetraphylla","Lepisanthes","Sapindaceae","Lepisanthes tetraphylla","0","Sapindales",711,311,6.1983335
"Lepisanthes_erecta","Lepisanthes","Sapindaceae","Lepisanthes erecta","0","Sapindales",711,312,6.1983335
"Leptonychia_caudata","Leptonychia","Malvaceae","Leptonychia caudata","0","Malvales",667,264,38.361134
"Ligustrum_perrottetii","Ligustrum","Oleaceae","Ligustrum perrottetii","1","Lamiales",499,23,20.11158
"Litsea_udayanii","Litsea","Lauraceae","Litsea udayanii","1","Laurales",780,447,9.419435
"Litsea_floribunda","Litsea","Lauraceae","Litsea floribunda","1","Laurales",780,446,9.419435
"Litsea_glabrata","Litsea","Lauraceae","Litsea glabrata","1","Laurales",780,445,9.419435
"Litsea_keralana","Litsea","Lauraceae","Litsea keralana","1","Laurales",780,444,9.419435
"Litsea_laevigata","Litsea","Lauraceae","Litsea laevigata","1","Laurales",780,443,9.419435
"Litsea_mysorensis","Litsea","Lauraceae","Litsea mysorensis","1","Laurales",780,442,9.419435
"Litsea_oleoides","Litsea","Lauraceae","Litsea oleoides","1","Laurales",780,441,9.419435
"Litsea_stocksii","Litsea","Lauraceae","Litsea stocksii","1","Laurales",780,440,9.419435
"Litsea_travancorica","Litsea","Lauraceae","Litsea travancorica","1","Laurales",780,439,9.419435
"Litsea_UM","Litsea","Lauraceae","Litsea UM","1","Laurales",780,438,9.419435
"Litsea_venulosa","Litsea","Lauraceae","Litsea venulosa","1","Laurales",780,437,9.419435
"Litsea_wightiana","Litsea","Lauraceae","Litsea wightiana","1","Laurales",780,436,9.419435
"Lophopetalum_wightianum","Lophopetalum","Celastraceae","Lophopetalum wightianum","0","Celastrales",656,247,21.824271
"Macaranga_indica","Macaranga","Euphorbiaceae","Macaranga indica","0","Malpighiales",647,228,12.982491
"Macaranga_peltata","Macaranga","Euphorbiaceae","Macaranga peltata","0","Malpighiales",647,227,12.98249
"Madhuca_bourdillonii","Madhuca","Sapotaceae","Madhuca bourdillonii","1","Ericales",555,115,6.143042
"Madhuca_neriifolia","Madhuca","Sapotaceae","Madhuca neriifolia","1","Ericales",555,114,6.143042
"Maesa_indica","Maesa","Primulaceae","Maesa indica","0","Ericales",540,88,60.724955
"Mallotus_aureopunctatus","Mallotus","Euphorbiaceae","Mallotus aureopunctatus","1","Malpighiales",648,231,8.527074003
"Mallotus_beddomei","Mallotus","Euphorbiaceae","Mallotus beddomei","1","Malpighiales",648,230,8.527074003
"Mallotus_distans","Mallotus","Euphorbiaceae","Mallotus distans","1","Malpighiales",648,229,8.527074003
"Mallotus_philippensis","Mallotus","Euphorbiaceae","Mallotus philippensis","0","Malpighiales",648,236,8.527075003
"Mallotus_rhamnifolius","Mallotus","Euphorbiaceae","Mallotus rhamnifolius","0","Malpighiales",651,233,6.523718003
"Mallotus_resinosus","Mallotus","Euphorbiaceae","Mallotus resinosus","1","Malpighiales",651,232,6.523718003
"Mangifera_indica","Mangifera","Anacardiaceae","Mangifera indica","0","Sapindales",719,328,13.002444
"Nothapodytes_nimmoniana","Nothapodytes","Icacinaceae","Nothapodytes nimmoniana","0","Icacinales",490,74,102.387574
"Margaritaria_indica","Margaritaria","Phyllanthaceae","Margaritaria indica","0","Malpighiales",619,189,41.519407
"Mastixia_arborea","Mastixia","Nyssaceae","Mastixia arborea","1","Cornales",479,122,114.566299
"Meiogyne_pannosa","Meiogyne","Annonaceae","Meiogyne pannosa","1","Magnoliales",763,405,29.732842
"Meiogyne_ramarowii","Meiogyne","Annonaceae","Meiogyne ramarowii","1","Magnoliales",763,404,29.732841
"Meliosma_pinnata","Meliosma","Sabiaceae","Meliosma pinnata","0","Sabiales",743,387,5.161011
"Meliosma_simplicifolia","Meliosma","Sabiaceae","Meliosma simplicifolia","0","Sabiales",743,388,5.161011
"Memecylon_gracile","Memecylon","Melastomataceae","Memecylon gracile","1","Myrtales",726,344,11.212014
"Memecylon_randerianum","Memecylon","Melastomataceae","Memecylon randerianum","1","Myrtales",726,343,11.212014
"Memecylon_subsessile","Memecylon","Melastomataceae","Memecylon subsessile","1","Myrtales",726,342,11.212014
"Memecylon_talbotianum","Memecylon","Melastomataceae","Memecylon talbotianum","1","Myrtales",729,348,0.018371
"Memecylon_terminale","Memecylon","Melastomataceae","Memecylon terminale","1","Myrtales",726,341,11.212014
"Memecylon_umbellatum","Memecylon","Melastomataceae","Memecylon umbellatum","1","Myrtales",728,346,0.846738
"Memecylon_wightii","Memecylon","Melastomataceae","Memecylon wightii","1","Myrtales",728,345,0.846738
"Mesua_ferrea","Mesua","Calophyllaceae","Mesua ferrea","1","Malpighiales",607,170,26.766005
"Meteoromyrtus_wynaadensis","Meteoromyrtus","Myrtaceae","Meteoromyrtus wynaadensis","1","Myrtales",732,358,9.3748
"Meyna_laxiflora","Meyna","Rubiaceae","Meyna laxiflora","0","Gentianales",525,55,2.508377
"Magnolia_nilagirica","Magnolia","Magnoliaceae","Magnolia nilagirica","1","Magnoliales",770,422,55.526747
"Microtropis_latifolia","Microtropis","Celastraceae","Microtropis latifolia","1","Celastrales",660,254,17.002951
"Miliusa_gokhalaei","Miliusa","Annonaceae","Miliusa gokhalaei","1","Magnoliales",768,415,25.748508
"Miliusa_wightiana","Miliusa","Annonaceae","Miliusa wightiana","1","Magnoliales",768,414,25.748508
"Mimusops_elengi","Mimusops","Sapotaceae","Mimusops elengi","0","Ericales",552,113,12.60272
"Mitragyna_tubulosa","Mitragyna","Rubiaceae","Mitragyna tubulosa","1","Gentianales",528,67,1.681133
"Mitrephora_grandiflora","Mitrephora","Annonaceae","Mitrephora grandiflora","1","Magnoliales",767,411,30.495596
"Murraya_koenigii","Murraya","Rutaceae","Murraya koenigii","0","Sapindales",690,288,25.523929
"Murraya_paniculata","Murraya","Rutaceae","Murraya paniculata","0","Sapindales",690,287,25.523929
"Myristica_dactyloides","Myristica","Myristicaceae","Myristica dactyloides","1","Magnoliales",772,426,19.685835
"Myristica_malabarica","Myristica","Myristicaceae","Myristica malabarica","1","Magnoliales",772,425,19.685835
"Nothopegia_aureofulva","Nothopegia","Anacardiaceae","Nothopegia aureofulva","1","Sapindales",716,321,21.917318
"Nothopegia_beddomei","Nothopegia","Anacardiaceae","Nothopegia beddomei","1","Sapindales",716,322,21.917318
"Nothopegia_racemosa","Nothopegia","Anacardiaceae","Nothopegia racemosa","1","Sapindales",716,320,21.917318
"Nothopegia_travancorica","Nothopegia","Anacardiaceae","Nothopegia travancorica","1","Sapindales",716,319,21.917318
"Mammea_suriga","Mammea","Calophyllaceae","Mammea suriga","1","Malpighiales",609,171,30.728467
"Octotropis_travancorica","Octotropis","Rubiaceae","Octotropis travancorica","1","Gentianales",504,25,49.749508
"Olea_dioica","Olea","Oleaceae","Olea dioica","1","Lamiales",502,21,7.143604
"Olea_paniculata","Olea","Oleaceae","Olea paniculata","0","Lamiales",500,17,13.927179
"Oreocnide_integrifolia","Oreocnide","Urticaceae","Oreocnide integrifolia","0","Rosales",588,155,35.092925
"Ormosia_travancorica","Ormosia","Fabaceae","Ormosia travancorica","1","Fabales",567,127,77.963186
"Orophea_erythrocarpa","Orophea","Annonaceae","Orophea erythrocarpa","1","Magnoliales",769,420,28.374658
"Orophea_thomsonii","Orophea","Annonaceae","Orophea thomsonii","1","Magnoliales",769,419,28.374658
"Otonephelium_stipulaceum","Otonephelium","Sapindaceae","Otonephelium stipulaceum","1","Sapindales",707,309,60.766221
"Pajanelia_longifolia","Pajanelia","Bignoniaceae","Pajanelia longifolia","0","Lamiales",498,15,42.663836
"Palaquium_bourdillonii","Palaquium","Sapotaceae","Palaquium bourdillonii","1","Ericales",557,119,10.119207
"Palaquium_ellipticum","Palaquium","Sapotaceae","Palaquium ellipticum","1","Ericales",557,118,10.119207
"Paracroton_pendulus_subsp._zeylanicus","Paracroton","Euphorbiaceae","Paracroton pendulus subsp. zeylanicus","1","Malpighiales",640,222,28.699725
"Pavetta_indica","Pavetta","Rubiaceae","Pavetta indica","0","Gentianales",520,48,2.204735
"Pavetta_sp","Pavetta","Rubiaceae","Pavetta sp","1","Gentianales",520,47,2.204734
"Persea_macrantha","Persea","Lauraceae","Persea macrantha","0","Laurales",785,461,23.318156
"Ocotea_lancifolia","Ocotea","Lauraceae","Ocotea lancifolia","0","Laurales",776,428,8.7735
"Pittosporum_neelgherrense","Pittosporum","Pittosporaceae","Pittosporum neelgherrense","1","Apiales",488,8,15.319822
"Poeciloneuron_indicum","Poeciloneuron","Calophyllaceae","Poeciloneuron indicum","1","Malpighiales",609,172,30.728468
"Polyalthia_coffeoides","Polyalthia","Annonaceae","Polyalthia coffeoides","1","Magnoliales",764,409,33.391323
"Polyalthia_fragrans","Polyalthia","Annonaceae","Polyalthia fragrans","1","Magnoliales",764,408,33.391323
"Prismatomeris_tetrandra","Prismatomeris","Rubiaceae","Prismatomeris tetrandra","0","Gentianales",508,37,17.387615
"Prunus_ceylanica","Prunus","Rosaceae","Prunus ceylanica","0","Rosales",575,138,98.961795
"Psychotria_anamallayana","Psychotria","Rubiaceae","Psychotria anamallayana","1","Gentianales",511,34,8.484115
"Psychotria_dalzellii","Psychotria","Rubiaceae","Psychotria dalzellii","1","Gentianales",510,35,8.683455
"Psychotria_macrocarpa","Psychotria","Rubiaceae","Psychotria macrocarpa","1","Gentianales",511,33,8.484115
"Psychotria_nigra","Psychotria","Rubiaceae","Psychotria nigra","1","Gentianales",511,32,8.484115
"Psychotria_tree","Psychotria","Rubiaceae","Psychotria tree","1","Gentianales",511,31,8.484115
"Psychotria_truncata","Psychotria","Rubiaceae","Psychotria truncata","1","Gentianales",511,30,8.484115
"Pterospermum_diversifolium","Pterospermum","Malvaceae","Pterospermum diversifolium","0","Malvales",671,260,7.63468
"Pterospermum_reticulatum","Pterospermum","Malvaceae","Pterospermum reticulatum","1","Malvales",671,259,7.63468
"Pterospermum_rubiginosum","Pterospermum","Malvaceae","Pterospermum rubiginosum","1","Malvales",671,258,7.63468
"Pterygota_alata","Pterygota","Malvaceae","Pterygota alata","0","Malvales",667,256,38.361133
"Rapanea_wightiana","Rapanea","Primulaceae","Rapanea wightiana","0","Ericales",541,87,13.536872
"Reinwardtiodendron_anamalaiense","Reinwardtiodendron","Meliaceae","Reinwardtiodendron anamalaiense","1","Sapindales",696,299,19.502315
"Rinorea_bengalensis","Rinorea","Violaceae","Rinorea bengalensis","0","Malpighiales",615,182,9.705136
"Sageraea_thwaitesii","Sageraea","Annonaceae","Sageraea thwaitesii","1","Magnoliales",762,403,4.453523
"Sageraea_laurina","Sageraea","Annonaceae","Sageraea laurina","1","Magnoliales",762,402,4.453523
"Saprosma_corymbosum","Saprosma","Rubiaceae","Saprosma corymbosum","1","Gentianales",507,27,2.102589
"Saprosma_glomerata","Saprosma","Rubiaceae","Saprosma glomerata","1","Gentianales",507,26,2.102589
"Schefflera_micrantha","Schefflera","Araliaceae","Schefflera micrantha","1","Apiales",487,5,7.369078
"Scleropyrum_pentandrum","Scleropyrum","Santalaceae","Scleropyrum pentandrum","0","Santalales",559,123,96.574566
"Scolopia_crenata","Scolopia","Salicaceae","Scolopia crenata","0","Malpighiales",613,174,35.250304
"Semecarpus_auriculata","Semecarpus","Anacardiaceae","Semecarpus auriculata","1","Sapindales",720,331,5.08005
"Semecarpus_travancorica","Semecarpus","Anacardiaceae","Semecarpus travancorica","1","Sapindales",720,330,5.08005
"Spondias_pinnata","Spondias","Anacardiaceae","Spondias pinnata","0","Sapindales",721,333,12.325391
"Sterculia_guttata","Sterculia","Malvaceae","Sterculia guttata","0","Malvales",672,262,15.131178
"Stereospermum_tetragonum","Stereospermum","Bignoniaceae","Stereospermum tetragonum","1","Lamiales",498,16,42.663837
"Strombosia_ceylanica","Strombosia","Olacaceae","Strombosia ceylanica","1","Santalales",558,125,103.583939
"Symplocos_cochinchinensis","Symplocos","Symplocaceae","Symplocos cochinchinensis","0","Ericales",537,80,3.336544
"Symplocos_racemosa","Symplocos","Symplocaceae","Symplocos racemosa","0","Ericales",537,79,3.336544
"Symplocos_rosea","Symplocos","Symplocaceae","Symplocos rosea","1","Ericales",535,78,23.553149
"Symplocos_monantha","Symplocos","Symplocaceae","Symplocos monantha","1","Ericales",535,77,23.553149
"Syzygium_lanceolatum","Syzygium","Myrtaceae","Syzygium lanceolatum","1","Myrtales",733,371,29.64067
"Syzygium_calophyllifolium","Syzygium","Myrtaceae","Syzygium calophyllifolium","1","Myrtales",733,370,29.64067
"Syzygium_chavaran","Syzygium","Myrtaceae","Syzygium chavaran","1","Myrtales",733,369,29.64067
"Syzygium_cumini","Syzygium","Myrtaceae","Syzygium cumini","0","Myrtales",737,374,21.245562
"Syzygium_densiflorum","Syzygium","Myrtaceae","Syzygium densiflorum","1","Myrtales",738,372,21.221102
"Syzygium_gardneri","Syzygium","Myrtaceae","Syzygium gardneri","1","Myrtales",736,375,22.350222
"Syzygium_laetum","Syzygium","Myrtaceae","Syzygium laetum","1","Myrtales",733,368,29.64067
"Syzygium_mundagam","Syzygium","Myrtaceae","Syzygium mundagam","1","Myrtales",733,367,29.64067
"Syzygium_munronii","Syzygium","Myrtaceae","Syzygium munronii","1","Myrtales",733,366,29.64067
"Eugenia_kalamii","Eugenia","Myrtaceae","Eugenia kalamii","1","Myrtales",731,352,22.874727
"Syzygium_rubicundum","Syzygium","Myrtaceae","Syzygium rubicundum","1","Myrtales",733,365,29.64067
"Syzygium_grande","Syzygium","Myrtaceae","Syzygium grande","0","Myrtales",738,373,21.221102
"Tabernaemontana_gamblei","Tabernaemontana","Apocynaceae","Tabernaemontana gamblei","1","Gentianales",532,68,7.315852
"Tabernaemontana_alternifolia","Tabernaemontana","Apocynaceae","Tabernaemontana alternifolia","1","Gentianales",532,69,7.315853
"Tarenna_asiatica","Tarenna","Rubiaceae","Tarenna asiatica","0","Gentianales",519,46,2.583547
"Tarenna_nilagirica","Tarenna","Rubiaceae","Tarenna nilagirica","1","Gentianales",519,45,2.583546
"Terminalia_bellirica","Terminalia","Combretaceae","Terminalia bellirica","0","Myrtales",740,381,22.832486
"Terminalia_chebula","Terminalia","Combretaceae","Terminalia chebula","0","Myrtales",739,382,26.352027
"Terminalia_paniculata","Terminalia","Combretaceae","Terminalia paniculata","1","Myrtales",741,380,13.180947
"Terminalia_travancorensis","Terminalia","Combretaceae","Terminalia travancorensis","1","Myrtales",741,379,13.180947
"Tetrameles_nudiflora","Tetrameles","Tetramelaceae","Tetrameles nudiflora","0","Cucurbitales",574,159,111.148008
"Toona_ciliata","Toona","Meliaceae","Toona ciliata","0","Sapindales",706,306,32.616864
"Mallotus_nudiflorus","Mallotus","Euphorbiaceae","Mallotus nudiflorus","0","Malpighiales",650,234,6.754191003
"Discospermum_sphaerocarpum","Discospermum","Rubiaceae","Discospermum sphaerocarpum","1","Gentianales",522,52,0.793824
"Heynea_trijuga","Heynea","Meliaceae","Heynea trijuga","0","Sapindales",705,305,10.517817
"Turpinia_cochinchinensis","Turpinia","Staphyleaceae","Turpinia cochinchinensis","0","Crossosomatales",722,335,5.829146
"Turpinia_malabarica","Turpinia","Staphyleaceae","Turpinia malabarica","1","Crossosomatales",722,334,5.829145
"Vateria_indica","Vateria","Dipterocarpaceae","Vateria indica","1","Malvales",675,272,10.991132
"Vepris_bilocularis","Vepris","Rutaceae","Vepris bilocularis","1","Sapindales",683,278,29.511593
"Monosis_wightiana","Monosis","Asteraceae","Monosis wightiana","0","Asterales",484,2,5.0755125
"Viburnum_punctatum","Viburnum","Adoxaceae","Viburnum punctatum","0","Dipsacales",485,9,85.640655
"Vitex_altissima","Vitex","Lamiaceae","Vitex altissima","0","Lamiales",496,14,30.609562
"Walsura_trifoliolata","Walsura","Meliaceae","Walsura trifoliolata","1","Sapindales",705,304,10.517817
"Wendlandia_thyrsoidea","Wendlandia","Rubiaceae","Wendlandia thyrsoidea","1","Gentianales",515,53,11.183461
"Xantolis_tomentosa","Xantolis","Sapotaceae","Xantolis tomentosa","0","Ericales",550,112,17.489744
"Xylopia_patoniae","Xylopia","Annonaceae","Xylopia patoniae","1","Magnoliales",754,401,46.712281
"Actinodaphne_gullavara","Actinodaphne","Lauraceae","Actinodaphne gullavara","0","Laurales",783,453,6.436152
"Allophylus_cobbe","Allophylus","Sapindaceae","Allophylus cobbe","0","Sapindales",709,310,34.237639
"Cinnamomum_verum","Cinnamomum","Lauraceae","Cinnamomum verum","1","Laurales",778,434,7.117285
"Falconeria_insignis","Falconeria","Euphorbiaceae","Falconeria insignis","0","Malpighiales",636,213,61.896506
"Schefflera_venulosa","Schefflera","Araliaceae","Schefflera venulosa","0","Apiales",487,6,7.369079
"Syzygium_caryophyllatum","Syzygium","Myrtaceae","Syzygium caryophyllatum","1","Myrtales",733,364,29.64067
"Clausena_anisata","Clausena","Rutaceae","Clausena anisata","0","Sapindales",689,286,16.87631
"Gnidia_glauca","Gnidia","Thymelaeaceae","Gnidia glauca","0","Malvales",665,275,70.118086
"Neolitsea_zeylanica","Neolitsea","Lauraceae","Neolitsea zeylanica","0","Laurales",782,450,8.675145
"Ficus_microcarpa","Ficus","Moraceae","Ficus microcarpa","0","Rosales",581,147,10.863044
"Ficus_virens","Ficus","Moraceae","Ficus virens","0","Rosales",584,144,5.009611
"Mitragyna_parvifolia","Mitragyna","Rubiaceae","Mitragyna parvifolia","0","Gentianales",528,66,1.681133
"Ailanthus_triphysa","Ailanthus","Simaroubaceae","Ailanthus triphysa","0","Sapindales",691,308,66.889798
"Psychotria_flavida","Psychotria","Rubiaceae","Psychotria flavida","1","Gentianales",511,29,8.484115
"Maytenus_rothiana","Maytenus","Celastraceae","Maytenus rothiana","1","Celastrales",657,252,27.960616
"Neolitsea_scrobiculata","Neolitsea","Lauraceae","Neolitsea scrobiculata","0","Laurales",782,449,8.675145
"Ficus_exasperata","Ficus","Moraceae","Ficus exasperata","0","Rosales",583,142,8.211575
"Fagraea_ceilanica","Fagraea","Gentianaceae","Fagraea ceilanica","0","Gentianales",529,72,52.073116
"Orophea_zeylanica","Orophea","Annonaceae","Orophea zeylanica","1","Magnoliales",769,418,28.374658
"Zanthoxylum_rhetsa","Zanthoxylum","Rutaceae","Zanthoxylum rhetsa","0","Sapindales",683,277,29.511592
"Diospyros_malabarica","Diospyros","Ebenaceae","Diospyros malabarica","0","Ericales",546,105,8.239702
"Saraca_asoca","Saraca","Fabaceae","Saraca asoca","0","Fabales",569,136,46.351355
"Ficus_talbotii","Ficus","Moraceae","Ficus talbotii","0","Rosales",580,139,11.922425
"Magnolia_champaca","Magnolia","Magnoliaceae","Magnolia champaca","0","Magnoliales",770,423,55.526748
"Debregeasia_longifolia","Debregeasia","Urticaceae","Debregeasia longifolia","0","Rosales",589,154,20.688825
"Cleistanthus_malabaricus","Cleistanthus","Phyllanthaceae","Cleistanthus malabaricus","1","Malpighiales",623,191,20.778811
"Symplocos_macrophylla","Symplocos","Symplocaceae","Symplocos macrophylla","1","Ericales",536,81,3.472871
"Cinnamomum_keralaense","Cinnamomum","Lauraceae","Cinnamomum keralaense","1","Laurales",778,433,7.117285
"Cryptocarya_stocksii","Cryptocarya","Lauraceae","Cryptocarya stocksii","1","Laurales",788,467,13.382373
"Microtropis_stocksii","Microtropis","Celastraceae","Microtropis stocksii","1","Celastrales",660,253,17.002951
"Schefflera_capitata","Schefflera","Araliaceae","Schefflera capitata","1","Apiales",487,4,7.369078
"Discospermum_apiocarpum","Discospermum","Rubiaceae","Discospermum apiocarpum","1","Gentianales",522,51,0.793823
"Ficus_hispida","Ficus","Moraceae","Ficus hispida","0","Rosales",585,145,8.951113
"Gomphia_serrata","Gomphia","Ochnaceae","Gomphia serrata","0","Malpighiales",635,240,94.206637
"Litsea_ghatica","Litsea","Lauraceae","Litsea ghatica","1","Laurales",780,435,9.419435
"Memecylon_malabaricum","Memecylon","Melastomataceae","Memecylon malabaricum","1","Myrtales",729,347,0.018371
"Pinanga_dicksonii","Pinanga","Arecaceae","Pinanga dicksonii","1","Arecales",746,391,44.3324236
"Diospyros_ridleyi","Diospyros","Ebenaceae","Diospyros ridleyi","0","Ericales",547,106,5.771662
"Pittosporum_dasycaulon","Pittosporum","Pittosporaceae","Pittosporum dasycaulon","1","Apiales",488,7,15.319821
"Corypha_umbraculifera","Corypha","Arecaceae","Corypha umbraculifera","0","Arecales",747,394,30.7965553
"Arenga_wightii","Arenga","Arecaceae","Arenga wightii","1","Arecales",748,392,17.9193623
"Actinodaphne_lawsonii","Actinodaphne","Lauraceae","Actinodaphne lawsonii","1","Laurales",783,452,6.436152
"Apollonias_arnottii","Apollonias","Lauraceae","Apollonias arnottii","1","Laurales",784,462,23.705568
"Beilschmiedia_gemmiflora","Beilschmiedia","Lauraceae","Beilschmiedia gemmiflora","1","Laurales",787,463,8.590478
"Breynia_vitis-idaea","Breynia","Phyllanthaceae","Breynia vitis-idaea","0","Malpighiales",620,184,14.907611
"Psydrax_pergracilis","Psydrax","Rubiaceae","Psydrax pergracilis","1","Gentianales",526,56,2.196589
"Canthium_travancoricum","Canthium","Rubiaceae","Canthium travancoricum","1","Gentianales",525,54,2.508376
"Celtis_timorensis","Celtis","Cannabaceae","Celtis timorensis","0","Rosales",591,156,67.127177
"Cinnamomum_macrocarpum","Cinnamomum","Lauraceae","Cinnamomum macrocarpum","1","Laurales",777,430,8.762164
"Cinnamomum_sulphuratum","Cinnamomum","Lauraceae","Cinnamomum sulphuratum","1","Laurales",777,429,8.762164
"Croton_klotzschianus","Croton","Euphorbiaceae","Croton klotzschianus","1","Malpighiales",641,221,11.469762
"Cynometra_bourdillonii","Cynometra","Fabaceae","Cynometra bourdillonii","1","Fabales",572,130,5.271251
"Diospyros_foliolosa","Diospyros","Ebenaceae","Diospyros foliolosa","1","Ericales",543,91,10.08508
"Diospyros_insignis","Diospyros","Ebenaceae","Diospyros insignis","0","Ericales",543,90,10.08508
"Diospyros_nilagirica","Diospyros","Ebenaceae","Diospyros nilagirica","1","Ericales",543,89,10.08508
"Dodonaea_viscosa","Dodonaea","Sapindaceae","Dodonaea viscosa","0","Sapindales",713,315,8.505634
"Elaeocarpus_venustus","Elaeocarpus","Elaeocarpaceae","Elaeocarpus venustus","1","Oxalidales",653,241,16.41755
"Erythroxylum_obtusifolium","Erythroxylum","Erythroxylaceae","Erythroxylum obtusifolium","1","Malpighiales",631,202,17.307109
"Eugenia_floccosa","Eugenia","Myrtaceae","Eugenia floccosa","1","Myrtales",731,351,22.874727
"Eugenia_mabaeoides","Eugenia","Myrtaceae","Eugenia mabaeoides","1","Myrtales",731,350,22.874727
"Eugenia_rottleriana","Eugenia","Myrtaceae","Eugenia rottleriana","1","Myrtales",731,349,22.874727
"Eugenia_singampattiana","Eugenia","Myrtaceae","Eugenia singampattiana","1","Myrtales",732,357,9.3748
"Filicium_decipiens","Filicium","Sapindaceae","Filicium decipiens","0","Sapindales",712,316,39.493213
"Garcinia_spicata","Garcinia","Clusiaceae","Garcinia spicata","0","Malpighiales",605,166,2.009343
"Glochidion_hohenackeri","Glochidion","Phyllanthaceae","Glochidion hohenackeri","1","Malpighiales",621,186,2.616839
"Glochidion_heyneanum","Glochidion","Phyllanthaceae","Glochidion heyneanum","0","Malpighiales",621,185,2.616839
"Hopea_erosa","Hopea","Dipterocarpaceae","Hopea erosa","1","Malvales",674,266,6.603098
"Hopea_utilis","Hopea","Dipterocarpaceae","Hopea utilis","1","Malvales",674,265,6.603098
"Hydnocarpus_macrocarpa","Hydnocarpus","Flacourtiaceae","Hydnocarpus macrocarpa","1","Malpighiales",615,179,9.705135
"Isonandra_perrottetiana","Isonandra","Sapotaceae","Isonandra perrottetiana","1","Ericales",556,116,7.188713
"Mallotus_tetracoccus","Mallotus","Euphorbiaceae","Mallotus tetracoccus","0","Malpighiales",649,235,7.257399003
"Memecylon_heyneanum","Memecylon","Melastomataceae","Memecylon heyneanum","1","Myrtales",726,340,11.212014
"Mitrephora_heyneana","Mitrephora","Annonaceae","Mitrephora heyneana","0","Magnoliales",767,410,30.495596
"Cinnamomum_cassia","Cinnamomum","Lauraceae","Cinnamomum cassia","1","Laurales",782,451,8.675146
"Neolitsea_fischeri","Neolitsea","Lauraceae","Neolitsea fischeri","1","Laurales",782,448,8.675145
"Nothopegia_heyneana","Nothopegia","Anacardiaceae","Nothopegia heyneana","0","Sapindales",716,318,21.917318
"Polyalthia_shendurunii","Polyalthia","Annonaceae","Polyalthia shendurunii","1","Magnoliales",764,407,33.391323
"Coffea_wightiana","Coffea","Rubiaceae","Coffea wightiana","1","Gentianales",521,50,4.134994
"Psychotria_connata","Psychotria","Rubiaceae","Psychotria connata","1","Gentianales",511,28,8.484115
"Schefflera_racemosa","Schefflera","Araliaceae","Schefflera racemosa","1","Apiales",487,3,7.369078
"Spondias_indica","Spondias","Anacardiaceae","Spondias indica","1","Sapindales",721,332,12.32539
"Syzygium_benthamianum","Syzygium","Myrtaceae","Syzygium benthamianum","1","Myrtales",733,363,29.64067
"Syzygium_makul","Syzygium","Myrtaceae","Syzygium makul","1","Myrtales",733,362,29.64067
"Syzygium_neesianum","Syzygium","Myrtaceae","Syzygium neesianum","1","Myrtales",733,361,29.64067
"Syzygium_palghatense","Syzygium","Myrtaceae","Syzygium palghatense","1","Myrtales",733,360,29.64067
"Syzygium_travancoricum","Syzygium","Myrtaceae","Syzygium travancoricum","1","Myrtales",733,359,29.64067
"Syzygium_zeylanicum","Syzygium","Myrtaceae","Syzygium zeylanicum","0","Myrtales",734,377,29.287405
"Monosis_travancorica","Monosis","Asteraceae","Monosis travancorica","1","Asterales",484,1,5.0755115
"Xanthophyllum_arnottianum","Xanthophyllum","Polygalaceae","Xanthophyllum arnottianum","1","Fabales",565,137,96.074912
"Humboldtia_vahliana","Humboldtia","Fabaceae","Humboldtia vahliana","1","Fabales",573,133,13.229654
"Miliusa_nilagirica","Miliusa","Annonaceae","Miliusa nilagirica","1","Magnoliales",768,413,25.748508
"Polyalthia_malabarica","Polyalthia","Annonaceae","Polyalthia malabarica","1","Magnoliales",764,406,33.391323
"Ixora_alba","Ixora","Rubiaceae","Ixora alba","1","Gentianales",527,60,4.874623
"Pandanus_furcatus","Pandanus","Pandanaceae","Pandanus furcatus","0","Pandanales",744,395,119.771811
"Dracaena_elliptica","Dracaena","Asparagaceae","Dracaena elliptica","0","Asparagales",745,390,114.600563
"Ardisia_missionis","Ardisia","Primulaceae","Ardisia missionis","1","Ericales",542,82,10.217012
"Turraea_pubescens","Turraea","Meliaceae","Turraea pubescens","0","Sapindales",694,303,33.475735
"Orophea_sivarajanii","Orophea","Annonaceae","Orophea sivarajanii","1","Magnoliales",769,417,28.374658
"Lasianthus_capitulatus","Lasianthus","Rubiaceae","Lasianthus capitulatus","1","Gentianales",512,39,6.983469
"Memecylon_depressum","Memecylon","Melastomataceae","Memecylon depressum","1","Myrtales",726,339,11.212014
"Lasianthus_blumeanus","Lasianthus","Rubiaceae","Lasianthus blumeanus","1","Gentianales",512,38,6.983469
"Memecylon_subramanii","Memecylon","Melastomataceae","Memecylon subramanii","1","Myrtales",726,338,11.212014
"Clausena_austroindica","Clausena","Rutaceae","Clausena austroindica","1","Sapindales",689,284,16.876309
"Symplocos_wynadense","Symplocos","Symplocaceae","Symplocos wynadense","1","Ericales",535,76,23.553149
"Cocculus_laurifolius","Cocculus","Menispermaceae","Cocculus laurifolius","0","Ranunculales",473,389,131.6807
"Orophea_malabarica","Orophea","Annonaceae","Orophea malabarica","1","Magnoliales",769,416,28.374658
"Ixora_polyantha","Ixora","Rubiaceae","Ixora polyantha","1","Gentianales",527,59,4.874623
"Dysoxylum_beddomei","Dysoxylum","Meliaceae","Dysoxylum beddomei","1","Sapindales",704,300,21.677609
"Memecylon_angustifolium","Memecylon","Melastomataceae","Memecylon angustifolium","0","Myrtales",726,337,11.212014
"Sarcococca_pruniformis","Sarcococca","Buxaceae","Sarcococca pruniformis","0","Buxales",475,385,128.553927
"Symplocos_pulchra","Symplocos","Symplocaceae","Symplocos pulchra","1","Ericales",535,75,23.553149
"Agasthiyamalai_pauciflora","Agasthiyamalai","Clusiaceae","Agasthiyamalai pauciflora","1","Malpighiales",601,160,51.077454
"Cryptocarya_beddomei","Cryptocarya","Lauraceae","Cryptocarya beddomei","1","Laurales",788,466,13.382373
"Ixora_lanceolaria","Ixora","Rubiaceae","Ixora lanceolaria","1","Gentianales",527,58,4.874623
"Memecylon_pseudogracile","Memecylon","Melastomataceae","Memecylon pseudogracile","1","Myrtales",726,336,11.212014
